countries,happiness,GDP_per_capita,social_support,healthy_life_exp,freedom,generosity,corruption,alcohol_consumption,cigarette_consumption,agricultural,industrial,service,const_form,head_of_state,lifeexps,median_age,median_age_male,median_age_female,gold_medals_2016,silver_medals_2016,bronze_medals_2016,oscar_winning,railways_per_capita
Finland,7.769,1.34,1.587,0.986,0.596,0.153,0.39299999999999996,12.3,1098.8,2.7%,28.2%,69.1%,Republic,Ceremonial,81.7,42.5,40.9,44.3,0.0,0.0,1.0,0.0,929
Denmark,7.6,1.383,1.5730000000000002,0.996,0.5920000000000001,0.252,0.41,11.4,1298.0,1.3%,22.9%,75.8%,Constitutional monarchy,Ceremonial,80.8,42.2,41.2,43.2,2.0,6.0,7.0,3.0,"2,893"
Norway,7.553999999999999,1.4880000000000002,1.5819999999999999,1.028,0.603,0.271,0.341,7.7,552.8,2.3%,33.7%,64.0%,Constitutional monarchy,Ceremonial,82.3,39.2,38.4,40.0,0.0,0.0,4.0,0.0,"1,350"
Iceland,7.494,1.38,1.624,1.026,0.591,0.354,0.11800000000000001,7.1,848.1,5.8%,19.7%,74.6%,Republic,Ceremonial,82.9,36.5,35.9,37.1,,,,0.0,
Netherlands,7.4879999999999995,1.396,1.5219999999999998,0.9990000000000001,0.557,0.322,0.298,9.9,1459.9,1.6%,17.9%,70.2%,Constitutional monarchy,Ceremonial,82.1,42.6,41.5,43.6,8.0,7.0,4.0,3.0,"5,591"
Switzerland,7.48,1.452,1.526,1.052,0.5720000000000001,0.263,0.34299999999999997,10.7,1489.8,0.7%,25.6%,73.7%,Republic,Executive,83.6,42.4,41.4,43.4,3.0,2.0,2.0,2.0,"1,585"
Sweden,7.343,1.3869999999999998,1.4869999999999999,1.0090000000000001,0.574,0.267,0.373,9.2,716.2,1.6%,33.0%,65.4%,Constitutional monarchy,Ceremonial,82.7,41.2,40.2,42.2,2.0,6.0,3.0,3.0,919
New Zealand,7.307,1.3030000000000002,1.557,1.026,0.585,0.33,0.38,10.9,685.1,5.7%,21.5%,72.8%,Constitutional monarchy,Ceremonial,82.1,37.9,37.1,38.8,4.0,9.0,5.0,0.0,"1,070"
Canada,7.278,1.365,1.505,1.0390000000000001,0.584,0.285,0.308,10.2,1021.3,1.6%,28.2%,70.2%,Constitutional monarchy,Ceremonial,82.3,42.2,40.9,43.5,4.0,3.0,15.0,1.0,674
Austria,7.246,1.376,1.475,1.016,0.532,0.244,0.226,10.3,1927.0,1.3%,28.4%,70.3%,Republic,Ceremonial,81.4,44.0,42.8,45.1,0.0,0.0,1.0,2.0,"1,587"
Australia,7.228,1.3719999999999999,1.548,1.036,0.557,0.332,0.29,12.2,917.0,3.6%,25.3%,71.2%,Constitutional monarchy,Ceremonial,83.3,38.7,37.9,39.5,8.0,11.0,10.0,0.0,742
Costa Rica,7.167000000000001,1.034,1.4409999999999998,0.963,0.5579999999999999,0.14400000000000002,0.09300000000000001,5.4,411.4,5.5%,20.6%,73.9%,Republic,Executive,80.1,31.3,30.8,31.8,,,,0.0,"16,416"
Israel,7.138999999999999,1.276,1.455,1.0290000000000001,0.371,0.261,0.08199999999999999,2.8,1280.7,2.4%,26.5%,69.5%,Republic,Ceremonial,82.8,29.9,29.3,30.6,0.0,0.0,2.0,0.0,"6,355"
Luxembourg,7.09,1.609,1.479,1.012,0.526,0.19399999999999998,0.316,11.9,6330.9,0.3%,12.8%,86.9%,Constitutional monarchy,Ceremonial,82.1,39.3,38.7,39.9,,,,0.0,"2,148"
United Kingdom,7.053999999999999,1.3330000000000002,1.538,0.996,0.45,0.348,0.278,11.6,827.7,0.7%,20.2%,79.2%,Constitutional monarchy,Ceremonial,81.2,40.5,39.3,41.7,27.0,23.0,17.0,0.0,"4,047"
Ireland,7.021,1.499,1.5530000000000002,0.9990000000000001,0.516,0.298,0.31,11.9,976.5,1.2%,38.6%,60.2%,Republic,Ceremonial,82.1,36.8,36.4,37.1,0.0,2.0,0.0,0.0,"2,477"
Germany,6.985,1.3730000000000002,1.454,0.987,0.495,0.261,0.265,11.8,1599.5,0.7%,30.7%,68.6%,Republic,Ceremonial,81.2,47.1,46.0,48.2,17.0,10.0,15.0,2.0,"2,145"
Belgium,6.922999999999999,1.3559999999999999,1.504,0.986,0.473,0.16,0.21,11.0,2440.9,0.7%,22.1%,77.2%,Constitutional monarchy,Ceremonial,81.5,41.4,40.2,42.7,2.0,2.0,2.0,0.0,"3,140"
United States of America,6.892,1.433,1.4569999999999999,0.8740000000000001,0.45399999999999996,0.28,0.128,9.2,1016.6,0.9%,19.1%,80.0%,Republic,Executive,78.9,38.1,36.8,39.4,46.0,37.0,38.0,,"2,060"
Czechia,6.852,1.2690000000000001,1.4869999999999999,0.92,0.457,0.046,0.036000000000000004,13.0,2427.9,2.3%,36.9%,60.8%,Republic,Ceremonial,79.2,42.1,40.8,43.4,1.0,2.0,7.0,1.0,"1,106"
United Arab Emirates,6.825,1.5030000000000001,1.31,0.825,0.598,0.262,0.182,4.3,,0.9%,49.8%,49.2%,Absolute monarchy,Executive,77.8,30.3,32.1,25.0,0.0,0.0,1.0,,"21,893"
Malta,6.726,1.3,1.52,0.9990000000000001,0.564,0.375,0.151,7.0,1527.9,1.1%,10.2%,88.7%,Republic,Ceremonial,82.4,41.8,40.8,43.0,,,,0.0,
Mexico,6.595,1.07,1.3230000000000002,0.861,0.433,0.07400000000000001,0.073,7.2,327.1,3.6%,31.9%,64.5%,Republic,Executive,75.0,28.3,27.2,29.4,0.0,3.0,2.0,1.0,"6,697"
France,6.5920000000000005,1.324,1.472,1.045,0.436,0.111,0.183,12.2,1089.9,1.7%,19.5%,78.8%,Republic,Executive,82.5,41.4,39.6,43.1,10.0,18.0,14.0,12.0,"2,374"
Taiwan,6.446000000000001,1.368,1.43,0.914,0.35100000000000003,0.242,0.09699999999999999,,,1.8%,36.0%,62.1%,,,,40.7,40.0,41.5,,,,1.0,13638
Chile,6.444,1.159,1.369,0.92,0.35700000000000004,0.187,0.055999999999999994,9.6,769.3,4.2%,32.8%,63.0%,Republic,Executive,80.0,34.4,33.2,35.6,,,,1.0,"2,931"
Guatemala,6.436,0.8,1.2690000000000001,0.746,0.535,0.175,0.078,3.8,111.8,13.3%,23.4%,63.2%,Republic,Executive,74.1,22.1,21.4,22.8,,,,0.0,"16,228"
Saudi Arabia,6.375,1.403,1.357,0.795,0.439,0.08,0.132,0.2,1341.0,2.6%,44.2%,53.2%,Absolute monarchy,Executive,75.0,27.5,28.2,26.7,,,,0.0,"19,219"
Qatar,6.374,1.6840000000000002,1.3130000000000002,0.871,0.555,0.22,0.16699999999999998,1.5,1020.3,0.2%,50.3%,49.5%,Absolute monarchy,Executive,,33.2,34.3,28.1,0.0,1.0,0.0,,
Spain,6.354,1.286,1.484,1.062,0.36200000000000004,0.153,0.079,11.2,1499.0,2.6%,23.2%,74.2%,Constitutional monarchy,Ceremonial,83.4,42.7,41.5,43.9,7.0,4.0,6.0,4.0,"2,920"
Panama,6.321000000000001,1.149,1.442,0.91,0.516,0.109,0.054000000000000006,8.0,219.3,2.4%,15.7%,82.0%,Republic,Executive,78.3,29.2,28.8,29.6,,,,0.0,"9,594"
Brazil,6.3,1.004,1.439,0.802,0.39,0.099,0.086,8.7,333.5,6.6%,20.7%,72.7%,Republic,Executive,75.7,32.6,31.1,32.8,7.0,6.0,6.0,0.0,"6,986"
Uruguay,6.292999999999999,1.124,1.465,0.8909999999999999,0.523,0.127,0.15,7.6,899.4,6.2%,24.1%,69.7%,Republic,Executive,77.8,35.0,33.1,36.7,,,,0.0,"1,121"
Singapore,6.2620000000000005,1.5719999999999998,1.463,1.141,0.556,0.271,0.45299999999999996,2.0,851.2,0.0%,24.8%,75.2%,Republic,Ceremonial,83.7,34.6,34.5,34.7,1.0,0.0,0.0,0.0,"28,682"
El Salvador,6.252999999999999,0.794,1.242,0.789,0.43,0.09300000000000001,0.07400000000000001,3.2,206.7,12.0%,27.7%,60.3%,Republic,Executive,73.1,27.1,25.6,28.6,,,,,"10,221"
Italy,6.223,1.294,1.4880000000000002,1.0390000000000001,0.231,0.158,0.03,6.7,1493.3,2.1%,23.9%,73.9%,Republic,Ceremonial,83.4,45.5,44.4,46.5,8.0,12.0,8.0,14.0,"3,614"
Bahrain,6.199,1.3619999999999999,1.368,0.871,0.536,0.255,0.11,2.1,1101.5,0.3%,39.3%,60.4%,Constitutional monarchy,Executive,77.2,32.3,33.8,29.5,1.0,1.0,0.0,,
Slovakia,6.1979999999999995,1.246,1.504,0.8809999999999999,0.33399999999999996,0.121,0.013999999999999999,13.0,1500.9,3.8%,35.0%,61.2%,Republic,Ceremonial,77.4,40.5,38.8,42.3,2.0,2.0,0.0,0.0,"1,499"
Trinidad & Tobago,6.192,1.2309999999999999,1.4769999999999999,0.713,0.489,0.185,0.016,6.7,682.5,0.4%,47.8%,51.7%,Republic,Ceremonial,73.4,36.0,35.6,36.6,0.0,0.0,1.0,,
Poland,6.182,1.206,1.4380000000000002,0.884,0.483,0.11699999999999999,0.05,12.5,1363.1,2.4%,40.2%,57.4%,Republic,Executive,78.5,40.7,39.0,42.4,2.0,3.0,6.0,1.0,"2,001"
Uzbekistan,6.1739999999999995,0.745,1.5290000000000001,0.7559999999999999,0.631,0.322,0.24,4.6,495.9,17.9%,33.7%,48.5%,Republic,Executive,71.6,28.6,28.0,29.2,4.0,2.0,7.0,0.0,"6,488"
Lithuania,6.149,1.238,1.515,0.818,0.29100000000000004,0.043,0.042,15.5,1292.0,3.5%,29.4%,67.2%,Republic,Executive,75.7,43.7,39.7,47.1,0.0,1.0,3.0,0.0,"1,490"
Colombia,6.125,0.985,1.41,0.841,0.47,0.099,0.034,6.2,351.4,7.2%,30.8%,62.1%,Republic,Executive,77.1,30.0,29.0,31.0,3.0,2.0,3.0,0.0,"27,770"
Slovenia,6.117999999999999,1.258,1.5230000000000001,0.953,0.564,0.14400000000000002,0.057,11.6,2236.5,1.8%,32.2%,65.9%,Republic,Ceremonial,81.2,44.5,42.8,46.2,1.0,2.0,1.0,0.0,"1,709"
Nicaragua,6.105,0.6940000000000001,1.325,0.835,0.435,0.2,0.127,5.0,327.8,15.5%,24.4%,60.0%,Republic,Executive,74.3,25.7,24.8,26.6,,,,0.0,
Kosovo,6.1,0.882,1.232,0.758,0.489,0.262,0.006,,,11.9%,17.7%,70.4%,,,,29.1,28.8,29.5,1.0,0.0,0.0,0.0,
Argentina,6.086,1.092,1.432,0.8809999999999999,0.47100000000000003,0.066,0.05,8.7,1176.1,10.8%,28.1%,61.1%,Republic,Executive,76.5,31.7,30.5,32.9,3.0,1.0,0.0,2.0,"1,117"
Romania,6.07,1.162,1.232,0.825,0.462,0.083,0.005,14.4,1204.3,4.2%,33.2%,62.6%,Republic,Executive,75.9,41.1,39.7,42.6,1.0,1.0,2.0,0.0,"1,823"
Cyprus,6.046,1.263,1.2229999999999999,1.042,0.406,0.19,0.040999999999999995,9.2,1961.4,2.0%,12.5%,85.5%,Republic,Executive,80.8,36.8,35.5,38.3,,,,,
Ecuador,6.028,0.912,1.3119999999999998,0.868,0.498,0.126,0.087,7.2,93.5,6.7%,32.9%,60.4%,Republic,Executive,76.8,27.7,27.0,28.4,,,,0.0,"14,810"
Kuwait,6.021,1.5,1.319,0.8079999999999999,0.493,0.142,0.09699999999999999,0.1,1412.7,0.4%,58.7%,40.9%,Constitutional monarchy,Executive,75.4,29.3,30.4,27.4,,,,0.0,
Thailand,6.007999999999999,1.05,1.409,0.828,0.557,0.359,0.027999999999999997,7.1,837.4,8.2%,36.2%,55.6%,Constitutional monarchy,Executive,76.9,37.7,36.6,38.7,2.0,2.0,2.0,0.0,"16,084"
Latvia,5.94,1.187,1.465,0.812,0.264,0.075,0.064,12.3,1189.1,3.9%,22.4%,73.7%,Republic,Ceremonial,75.2,43.6,39.7,46.9,,,,0.0,"1,048"
South Korea,5.895,1.301,1.219,1.036,0.159,0.175,0.055999999999999994,12.3,1667.4,2.2%,39.3%,58.3%,Republic,Executive,82.8,41.8,40.2,43.4,9.0,3.0,9.0,1.0,9348
Estonia,5.893,1.237,1.528,0.8740000000000001,0.495,0.10300000000000001,0.161,10.3,1759.9,2.8%,29.2%,68.1%,Republic,Ceremonial,,42.7,39.4,46.1,0.0,0.0,1.0,0.0,"1,134"
Jamaica,5.89,0.831,1.4780000000000002,0.831,0.49,0.107,0.027999999999999997,4.9,312.5,7.0%,21.1%,71.9%,Constitutional monarchy,Ceremonial,74.4,26.0,25.5,26.5,6.0,3.0,2.0,,"9,948"
Mauritius,5.888,1.12,1.402,0.7979999999999999,0.498,0.215,0.06,3.6,542.5,4.0%,21.8%,74.1%,Republic,Ceremonial,74.9,35.3,34.2,36.3,,,,,
Japan,5.886,1.327,1.419,1.088,0.445,0.069,0.14,7.2,1583.2,1.1%,30.1%,68.7%,Constitutional monarchy,Ceremonial,84.5,47.3,46.0,48.7,12.0,8.0,21.0,4.0,"5,451"
Honduras,5.86,0.642,1.236,0.828,0.507,0.24600000000000002,0.078,4.0,469.8,14.2%,28.8%,57.0%,Republic,Executive,75.1,23.0,22.6,23.3,,,,0.0,"11,753"
Kazakhstan,5.809,1.173,1.508,0.7290000000000001,0.41,0.146,0.096,10.3,1800.9,4.7%,34.1%,61.2%,Republic,Executive,73.2,30.6,29.3,31.9,3.0,5.0,10.0,0.0,"1,146"
Bolivia,5.779,0.7759999999999999,1.209,0.706,0.511,0.13699999999999998,0.064,5.9,291.6,13.8%,37.8%,48.2%,Republic,Executive,71.2,24.3,23.6,25.0,,,,0.0,"3,638"
Hungary,5.757999999999999,1.2009999999999998,1.41,0.828,0.19899999999999998,0.081,0.02,13.3,2060.3,3.9%,31.3%,64.8%,Republic,Ceremonial,76.7,42.3,40.4,44.3,8.0,3.0,4.0,2.0,"1,233"
Paraguay,5.742999999999999,0.855,1.475,0.777,0.514,0.184,0.08,8.8,384.5,17.9%,27.7%,54.5%,Republic,Executive,74.1,28.2,28.0,28.5,,,,0.0,"173,056"
Northern Cyprus,5.718,1.263,1.252,1.042,0.41700000000000004,0.191,0.162,,,,,,,,,,,,,,,,
Peru,5.697,0.96,1.274,0.8540000000000001,0.455,0.083,0.027000000000000003,8.1,97.7,7.6%,32.7%,59.9%,Republic,Executive,76.5,28.0,27.2,28.8,,,,0.0,"14,585"
Portugal,5.693,1.2209999999999999,1.431,0.9990000000000001,0.508,0.047,0.025,12.9,1133.4,2.2%,22.1%,75.7%,Republic,Executive,81.9,42.2,40.2,44.4,0.0,0.0,1.0,0.0,"4,049"
Pakistan,5.653,0.677,0.8859999999999999,0.535,0.313,0.22,0.098,0.1,363.2,24.4%,19.1%,56.5%,Republic,Ceremonial,67.1,23.8,23.7,23.8,,,,0.0,22759
Russia,5.648,1.183,1.452,0.726,0.33399999999999996,0.08199999999999999,0.031,15.1,2295.0,4.7%,32.4%,62.3%,Republic,Executive,72.4,39.6,36.6,42.5,19.0,17.0,20.0,1.0,"1,678"
Philippines,5.631,0.807,1.2930000000000001,0.657,0.5579999999999999,0.11699999999999999,0.107,5.4,1132.2,9.6%,30.6%,59.8%,Republic,Executive,71.1,23.5,23.1,24.0,0.0,1.0,0.0,0.0,"196,270"
Serbia,5.603,1.004,1.383,0.8540000000000001,0.282,0.13699999999999998,0.039,12.6,1898.6,9.8%,41.1%,49.1%,Republic,Ceremonial,75.8,42.6,40.9,44.3,2.0,4.0,2.0,0.0,"1,866"
Moldova,5.529,0.685,1.328,0.7390000000000001,0.245,0.18100000000000002,0.0,16.8,1747.2,17.7%,20.3%,62.0%,Republic,Ceremonial,71.8,36.7,34.9,38.6,,,,0.0,"3,084"
Libya,5.525,1.044,1.3030000000000002,0.6729999999999999,0.41600000000000004,0.133,0.152,0.1,327.2,1.3%,52.3%,46.4%,,,72.7,28.9,29.1,28.7,,,,,
Montenegro,5.523,1.051,1.361,0.871,0.19699999999999998,0.142,0.08,8.7,1100.8,7.5%,15.9%,76.6%,Republic,Ceremonial,76.8,40.7,39.9,41.8,,,,0.0,"2,490"
Tajikistan,5.4670000000000005,0.493,1.0979999999999999,0.718,0.389,0.23,0.14400000000000002,2.8,361.1,28.6%,25.5%,45.9%,Republic,Executive,70.9,24.5,23.9,25.1,1.0,0.0,0.0,0.0,"11,167"
Croatia,5.432,1.155,1.266,0.914,0.29600000000000004,0.11900000000000001,0.022000000000000002,12.2,1578.9,3.7%,26.2%,70.1%,Republic,Ceremonial,78.3,43.0,41.1,45.0,5.0,3.0,2.0,0.0,"1,595"
Hong Kong,5.43,1.4380000000000002,1.2770000000000001,1.122,0.44,0.258,0.287,,,0.1%,7.6%,92.3%,,,84.7,44.4,43.5,45.0,,,,0.0,"33,165"
Dominican Republic,5.425,1.015,1.401,0.779,0.49700000000000005,0.113,0.10099999999999999,6.9,218.9,5.6%,33.0%,61.4%,Republic,Executive,73.9,28.1,27.9,28.3,0.0,0.0,1.0,0.0,"18,141"
Bosnia and Herzegovina,5.386,0.945,1.212,0.845,0.212,0.263,0.006,7.1,1767.2,6.8%,28.9%,64.3%,Republic,Ceremonial,77.3,42.1,40.5,43.5,,,,,"3,445"
Turkey,5.372999999999999,1.183,1.36,0.8079999999999999,0.195,0.083,0.106,2.0,1770.7,6.8%,32.3%,60.7%,Republic,Executive,77.4,30.9,30.5,31.4,1.0,3.0,4.0,0.0,"7,821"
Malaysia,5.3389999999999995,1.2209999999999999,1.171,0.828,0.508,0.26,0.024,1.3,441.2,8.8%,37.6%,53.6%,Constitutional monarchy,Ceremonial,76.0,28.5,28.2,28.8,0.0,4.0,1.0,0.0,"15,324"
Belarus,5.3229999999999995,1.067,1.465,0.789,0.235,0.094,0.142,17.6,2911.3,8.1%,40.8%,51.1%,Republic,Executive,74.6,40.0,37.1,43.1,1.0,4.0,4.0,0.0,"1,741"
Greece,5.287000000000001,1.181,1.156,0.9990000000000001,0.067,0.0,0.034,10.3,2078.6,4.1%,16.9%,79.1%,Republic,Ceremonial,82.1,44.5,43.5,45.6,3.0,1.0,2.0,0.0,"4,808"
Mongolia,5.285,0.948,1.531,0.667,0.317,0.235,0.038,6.9,1982.5,12.1%,38.2%,49.7%,Republic,Executive,69.7,28.3,27.5,29.2,0.0,1.0,1.0,0.0,"1,560"
North Macedonia,5.274,0.983,1.294,0.838,0.345,0.185,0.034,2.4,2784.9,10.9%,26.6%,62.5%,Republic,Ceremonial,75.7,37.9,36.8,39.0,,,,0.0,"3,037"
Nigeria,5.265,0.696,1.111,0.245,0.426,0.215,0.040999999999999995,10.1,162.5,21.1%,22.5%,56.4%,Republic,Executive,54.3,18.4,18.3,18.5,0.0,0.0,1.0,0.0,"44,904"
Kyrgyzstan,5.261,0.551,1.4380000000000002,0.723,0.508,0.3,0.023,4.3,519.6,14.6%,31.2%,54.2%,Republic,Ceremonial,71.3,26.5,25.4,27.6,,,,0.0,"13,446"
Turkmenistan,5.247000000000001,1.052,1.538,0.657,0.39399999999999996,0.244,0.027999999999999997,4.3,962.1,7.5%,44.9%,47.7%,Republic,Executive,68.1,27.9,27.5,28.4,,,,,"1,585"
Algeria,5.211,1.002,1.16,0.785,0.086,0.073,0.114,1.0,1046.7,13.3%,39.3%,47.4%,Republic,Executive,76.7,28.1,27.8,28.4,0.0,2.0,0.0,1.0,"9,306"
Morocco,5.207999999999999,0.8009999999999999,0.782,0.782,0.418,0.036000000000000004,0.076,0.9,682.3,14.0%,29.5%,56.5%,Constitutional monarchy,Executive,76.5,29.3,28.6,29.9,0.0,0.0,1.0,0.0,"16,946"
Azerbaijan,5.207999999999999,1.043,1.147,0.769,0.35100000000000003,0.035,0.182,2.3,1525.6,6.1%,53.5%,40.4%,Republic,Executive,72.9,31.3,29.8,33.0,1.0,7.0,10.0,0.0,"4,666"
Lebanon,5.197,0.987,1.224,0.815,0.21600000000000003,0.166,0.027000000000000003,6.7,2037.5,3.9%,13.1%,83.0%,Republic,Ceremonial,78.9,30.5,29.9,31.1,,,,0.0,
Indonesia,5.192,0.9309999999999999,1.203,0.66,0.491,0.498,0.027999999999999997,0.6,1675.5,13.7%,41.0%,45.4%,Republic,Executive,71.5,30.2,29.6,30.8,1.0,2.0,0.0,0.0,27853
China,5.191,1.0290000000000001,1.125,0.893,0.521,0.057999999999999996,0.1,6.7,2043.0,7.9%,40.5%,51.6%,Republic,Executive,76.7,37.4,36.5,38.4,26.0,18.0,26.0,0.0,"10,945"
Vietnam,5.175,0.741,1.3459999999999999,0.851,0.5429999999999999,0.147,0.073,6.6,1049.6,15.3%,33.3%,51.3%,Republic,Executive,75.3,30.5,29.4,31.7,1.0,1.0,0.0,0.0,"27,765"
Bhutan,5.082,0.813,1.321,0.604,0.457,0.37,0.16699999999999998,0.7,,16.2%,41.8%,42.0%,Constitutional monarchy,Executive,71.5,27.6,28.2,27.1,,,,0.0,
Cameroon,5.044,0.5489999999999999,0.91,0.331,0.381,0.187,0.037000000000000005,8.4,171.0,16.7%,26.5%,56.8%,Republic,Executive,58.9,18.5,18.4,18.7,,,,0.0,"23,367"
Bulgaria,5.011,1.092,1.5130000000000001,0.815,0.311,0.081,0.004,11.4,1757.3,4.3%,28.0%,67.4%,Republic,Ceremonial,74.9,42.7,40.9,44.7,0.0,1.0,2.0,0.0,"1,762"
Ghana,4.996,0.611,0.868,0.486,0.381,0.245,0.04,4.8,40.5,18.3%,24.5%,57.2%,Republic,Executive,63.8,21.1,20.6,21.6,,,,0.0,"25,429"
Ivory Coast,4.944,0.569,0.8079999999999999,0.23199999999999998,0.35200000000000004,0.154,0.09,6.0,352.7,20.1%,26.6%,53.3%,Republic,Executive,57.4,20.9,21.0,20.9,1.0,0.0,1.0,1.0,"30,889"
Nepal,4.913,0.446,1.226,0.677,0.439,0.285,0.08900000000000001,2.2,511.6,27.0%,13.5%,59.5%,Republic,Ceremonial,70.5,24.1,22.8,25.3,,,,0.0,"514,035"
Jordan,4.906000000000001,0.8370000000000001,1.225,0.815,0.38299999999999995,0.11,0.13,0.7,2306.1,4.5%,28.8%,66.6%,Constitutional monarchy,Executive,74.4,22.5,22.9,22.0,1.0,0.0,0.0,0.0,"15,598"
Benin,4.883,0.39299999999999996,0.43700000000000006,0.397,0.349,0.175,0.08199999999999999,2.1,204.0,26.1%,22.8%,51.1%,Republic,Executive,61.5,18.2,17.9,18.6,,,,,"11,581"
Congo (Brazzaville),4.812,0.6729999999999999,0.799,0.508,0.37200000000000005,0.105,0.09300000000000001,3.9,195.2,9.3%,51.0%,39.7%,Republic,Executive,64.3,19.7,19.5,19.8,,,,,5086
Gabon,4.7989999999999995,1.057,1.183,0.5710000000000001,0.295,0.043,0.055,10.9,451.2,5.0%,44.7%,50.4%,Republic,Executive,66.2,18.6,18.4,18.8,,,,,"1,858"
Laos,4.796,0.764,1.03,0.551,0.547,0.266,0.16399999999999998,7.3,814.6,20.9%,33.2%,45.9%,Republic,Executive,67.6,23.0,22.7,23.3,,,,0.0,"1,557,550"
South Africa,4.7219999999999995,0.96,1.351,0.469,0.389,0.13,0.055,11.0,509.6,2.8%,29.7%,67.5%,Republic,Executive,63.9,27.1,26.9,27.3,2.0,6.0,2.0,1.0,"2,577.29"
Albania,4.718999999999999,0.9470000000000001,0.848,0.8740000000000001,0.38299999999999995,0.17800000000000002,0.027000000000000003,7.0,2491.6,21.7%,24.2%,54.1%,Republic,Ceremonial,,32.9,31.6,34.3,,,,0.0,"8,602"
Venezuela,4.707,0.96,1.4269999999999998,0.805,0.154,0.064,0.047,8.9,396.2,4.7%,40.4%,54.9%,Republic,Executive,72.1,28.3,27.6,29.0,0.0,2.0,1.0,0.0,"87,458"
Cambodia,4.7,0.574,1.122,0.637,0.609,0.23199999999999998,0.062,5.5,726.2,25.3%,32.8%,41.9%,Constitutional monarchy,Ceremonial,69.6,25.3,24.6,26.0,,,,0.0,"24,994"
Palestinian Territories,4.696000000000001,0.657,1.247,0.672,0.225,0.10300000000000001,0.066,,,,,,,,,,,,,,,,
Senegal,4.681,0.45,1.1340000000000001,0.5710000000000001,0.292,0.153,0.07200000000000001,0.6,359.4,16.9%,24.3%,58.8%,Republic,Executive,67.7,18.8,18.0,19.7,,,,0.0,"16,534"
Somalia,4.668,0.0,0.698,0.268,0.5589999999999999,0.243,0.27,0.5,198.5,60.2%,7.4%,32.5%,Republic,Ceremonial,,18.1,18.3,17.9,,,,,
Namibia,4.638999999999999,0.879,1.3130000000000002,0.47700000000000004,0.401,0.07,0.055999999999999994,10.8,298.4,6.7%,26.3%,67.0%,Republic,Executive,63.4,21.2,20.4,21.9,,,,,877
Niger,4.628,0.138,0.774,0.366,0.318,0.188,0.102,0.3,118.8,41.6%,19.5%,38.7%,Republic,Executive,62.0,15.4,15.3,15.5,0.0,1.0,0.0,0.0,
Burkina Faso,4.587,0.331,1.056,0.38,0.255,0.177,0.113,6.8,408.1,31.0%,23.9%,44.9%,Republic,Executive,61.2,17.3,17.1,17.4,,,,0.0,"25,291"
Armenia,4.559,0.85,1.055,0.815,0.28300000000000003,0.095,0.064,5.3,1985.7,16.7%,28.2%,54.8%,Republic,Ceremonial,74.9,35.1,33.3,36.9,1.0,3.0,0.0,0.0,"4,168"
Iran,4.548,1.1,0.8420000000000001,0.785,0.305,0.27,0.125,1.0,936.5,9.6%,35.3%,55.0%,Republic,Executive,76.5,30.3,30.0,30.5,3.0,1.0,4.0,2.0,"6,816"
Guinea,4.534,0.38,0.8290000000000001,0.375,0.332,0.207,0.086,0.7,316.0,19.8%,32.1%,48.1%,Republic,Executive,61.2,18.9,18.7,19.1,,,,,"11,926"
Georgia,4.519,0.8859999999999999,0.6659999999999999,0.752,0.34600000000000003,0.043,0.16399999999999998,7.7,1917.7,8.2%,23.7%,67.9%,Republic,Ceremonial,73.6,38.1,35.3,40.9,2.0,1.0,4.0,0.0,"2,360"
Gambia,4.516,0.308,0.9390000000000001,0.428,0.382,0.26899999999999996,0.16699999999999998,3.4,249.1,20.4%,14.2%,65.4%,Republic,Executive,61.7,21.0,20.7,21.3,,,,,
Kenya,4.5089999999999995,0.512,0.983,0.581,0.431,0.37200000000000005,0.053,4.3,264.4,34.5%,17.8%,47.5%,Republic,Executive,63.3,19.7,19.6,19.9,6.0,6.0,1.0,0.0,"17,643"
Mauritania,4.49,0.57,1.167,0.489,0.066,0.106,0.08800000000000001,0.1,30.3,27.8%,29.3%,42.9%,Republic,Executive,64.7,20.5,19.5,21.4,,,,0.0,"4,753"
Mozambique,4.466,0.204,0.986,0.39,0.494,0.19699999999999998,0.138,2.3,501.9,23.9%,19.3%,56.8%,Republic,Executive,60.2,17.2,16.6,17.8,,,,0.0,"6,604"
Tunisia,4.461,0.9209999999999999,1.0,0.815,0.16699999999999998,0.059000000000000004,0.055,1.5,1580.0,10.1%,26.2%,63.8%,Republic,Executive,76.5,31.6,31.0,32.2,0.0,0.0,3.0,0.0,"5,326"
Bangladesh,4.456,0.562,0.9279999999999999,0.723,0.527,0.166,0.14300000000000002,0.2,744.1,14.2%,29.3%,56.5%,Republic,Ceremonial,72.3,26.7,26.0,27.3,,,,0.0,"53,392"
Iraq,4.437,1.043,0.98,0.574,0.24100000000000002,0.14800000000000002,0.08900000000000001,0.5,1184.4,3.3%,51.0%,45.8%,Republic,Ceremonial,70.5,20.0,19.8,20.3,,,,0.0,"15,587"
Congo (Kinshasa),4.418,0.094,1.125,0.35700000000000004,0.26899999999999996,0.212,0.053,3.6,128.0,19.7%,43.6%,36.7%,Republic,Executive,60.4,18.6,18.3,18.8,,,,0.0,"16,463"
Mali,4.39,0.385,1.105,0.308,0.327,0.153,0.052000000000000005,1.1,316.9,41.8%,18.1%,40.5%,Republic,Executive,58.9,15.8,15.1,16.4,,,,,"22,606"
Sierra Leone,4.374,0.268,0.841,0.242,0.309,0.252,0.045,9.3,468.6,60.7%,6.5%,32.9%,Republic,Executive,54.3,19.0,18.4,19.6,,,,,"69,857"
Sri Lanka,4.3660000000000005,0.9490000000000001,1.265,0.831,0.47,0.244,0.047,3.7,254.6,7.8%,30.5%,61.7%,Republic,Executive,76.8,32.8,31.5,34.0,,,,0.0,"13,696"
Myanmar,4.36,0.71,1.181,0.555,0.525,0.5660000000000001,0.172,0.7,226.5,24.1%,35.6%,40.3%,Republic,Executive,66.9,28.2,27.4,29.0,,,,,"12,127"
Chad,4.35,0.35,0.7659999999999999,0.192,0.174,0.198,0.078,4.4,279.3,52.3%,14.7%,33.1%,Republic,Executive,54.0,17.8,16.8,18.8,,,,0.0,
Ukraine,4.332,0.82,1.39,0.7390000000000001,0.17800000000000002,0.187,0.01,13.9,1849.4,12.2%,28.6%,60.0%,Republic,Executive,72.0,40.6,37.4,43.7,2.0,5.0,4.0,0.0,"2,140"
Ethiopia,4.2860000000000005,0.336,1.033,0.532,0.344,0.209,0.1,4.2,115.3,34.8%,21.6%,43.6%,Republic,Ceremonial,66.2,17.9,17.7,18.1,1.0,2.0,5.0,0.0,"150,935"
Eswatini,4.212,0.8109999999999999,1.149,0.0,0.313,0.07400000000000001,0.135,5.7,91.7,6.5%,45.0%,48.6%,Absolute monarchy,Executive,59.4,21.7,21.5,21.9,,,,,"3,940"
Uganda,4.189,0.332,1.069,0.44299999999999995,0.35600000000000004,0.252,0.06,9.8,195.7,28.2%,21.1%,50.7%,Republic,Executive,63.0,15.8,15.7,15.9,,,,,"122,780"
Egypt,4.166,0.9129999999999999,1.0390000000000001,0.644,0.24100000000000002,0.076,0.067,0.4,1449.4,11.7%,34.3%,54.0%,Republic,Executive,71.8,23.9,23.6,24.2,0.0,0.0,3.0,0.0,"13,888"
Zambia,4.107,0.578,1.058,0.426,0.431,0.247,0.087,4.0,145.4,7.5%,35.3%,57.0%,Republic,Executive,63.5,16.8,16.6,16.9,,,,,"10,547"
Togo,4.085,0.275,0.5720000000000001,0.41,0.293,0.177,0.085,2.3,147.3,28.8%,21.8%,49.8%,Republic,Executive,60.8,19.8,19.5,20.1,,,,,"10,613"
India,4.015,0.755,0.765,0.588,0.498,0.2,0.085,4.3,89.3,15.4%,23.0%,61.5%,Republic,Ceremonial,69.4,28.1,27.2,28.6,0.0,1.0,1.0,0.0,"19,656"
Liberia,3.975,0.073,0.922,0.44299999999999995,0.37,0.233,0.033,4.7,154.4,34.0%,13.8%,52.2%,Republic,Executive,63.7,17.8,17.5,18.0,,,,,"8,151"
Comoros,3.9730000000000003,0.27399999999999997,0.757,0.505,0.142,0.275,0.078,0.2,585.4,47.7%,11.8%,40.5%,Republic,Executive,64.1,19.9,19.2,20.5,,,,,
Madagascar,3.9330000000000003,0.27399999999999997,0.9159999999999999,0.555,0.14800000000000002,0.16899999999999998,0.040999999999999995,1.8,404.2,24.0%,19.5%,56.4%,Republic,Executive,66.7,19.7,19.5,19.9,,,,,"28,573"
Lesotho,3.802,0.489,1.169,0.168,0.359,0.107,0.09300000000000001,6.5,448.0,5.8%,39.2%,54.9%,Constitutional monarchy,Ceremonial,53.7,24.2,24.2,24.2,,,,,"723,667"
Burundi,3.775,0.046,0.447,0.38,0.22,0.17600000000000002,0.18,9.3,239.4,39.5%,16.4%,44.2%,Republic,Executive,61.2,17.0,16.8,17.3,0.0,1.0,0.0,,
Zimbabwe,3.6630000000000003,0.366,1.114,0.433,0.361,0.151,0.08900000000000001,5.7,122.9,12.0%,22.2%,65.8%,Republic,Executive,61.2,20.0,19.6,20.4,,,,,"4,190"
Haiti,3.597,0.32299999999999995,0.688,0.449,0.026000000000000002,0.419,0.11,6.4,143.0,22.1%,20.3%,57.6%,Republic,Executive,63.7,23.0,22.7,23.2,,,,0.0,
Botswana,3.488,1.041,1.145,0.5379999999999999,0.455,0.025,0.1,8.4,433.5,1.8%,27.5%,70.6%,Republic,Executive,69.3,24.5,23.5,25.6,,,,,"2,488"
Syria,3.4619999999999997,0.619,0.37799999999999995,0.44,0.013000000000000001,0.331,0.141,1.2,2291.7,20.0%,19.5%,60.8%,Republic,Executive,71.8,24.3,23.9,24.8,,,,0.0,"11,078"
Malawi,3.41,0.191,0.56,0.495,0.44299999999999995,0.218,0.08900000000000001,2.5,241.1,28.6%,15.4%,56.0%,Republic,Executive,63.8,16.5,16.4,16.7,,,,0.0,"18,696"
Yemen,3.38,0.287,1.163,0.46299999999999997,0.14300000000000002,0.10800000000000001,0.077,0.3,423.8,20.3%,11.8%,67.9%,,,66.1,19.5,19.3,19.6,,,,0.0,
Rwanda,3.3339999999999996,0.359,0.711,0.614,0.555,0.217,0.41100000000000003,9.8,94.0,30.9%,17.6%,51.5%,Republic,Executive,68.7,19.0,18.3,19.8,,,,,
Tanzania,3.2310000000000003,0.47600000000000003,0.885,0.499,0.41700000000000004,0.276,0.147,7.7,181.8,23.4%,28.6%,47.6%,Republic,Executive,65.0,17.7,17.5,18.0,,,,0.0,"15,866"
Afghanistan,3.2030000000000003,0.35,0.517,0.361,0.0,0.158,0.025,0.7,311.6,23.0%,21.1%,55.9%,Republic,Executive,64.5,18.9,18.8,18.9,,,,0.0,"418,827"
Central African Republic,3.083,0.026000000000000002,0.0,0.105,0.225,0.235,0.035,3.8,213.2,43.2%,16.0%,40.8%,Republic,Executive,52.8,19.7,19.4,20.0,,,,,
South Sudan,2.853,0.306,0.575,0.295,0.01,0.20199999999999999,0.091,,383.7,,,,Republic,Executive,57.6,17.3,17.2,17.5,,,,,
